id,city,address,phone,web,maps
nantes,Nantes,"9 Rue des États, 44000 Nantes, Francia","+33 2 40 41 14 14",https://www.levoyageanantes.fr/es/,https://maps.app.goo.gl/pPtsXztQ8i7PyfGJ8
angers,Angers,"7 Place Kennedy, 49100 Angers, Francia","+33 2 41 23 50 00",https://www.destination-angers.com/es/turismo/facilitar-su-estancia-en-angers/oficinas-de-turismo-y-horarios/,https://goo.gl/maps/EpY2Mxh6y6E2
tours,Tours,"78 Rue Bernard Palissy, 37000 Tours, Francia","+33 2 47 70 37 37",https://www.france-voyage.com/francia-ciudades/tours-12992/oficina-turismo-tours-6496.htm,https://maps.app.goo.gl/RerpsrkPLHqYAVY59
saumur,Saumur,"Place Saint-Pierre, 49400 Saumur, Francia","+33 2 41 53 31 70",https://www.ot-saumur.fr/es/,https://goo.gl/maps/5gUK3hSHEuw5VdGZ6
blois,Blois,"1 Place de la République, 41000 Blois, Francia","+33 2 54 44 50 50",https://www.bloistourisme.com/,https://goo.gl/maps/Mn5s9cVjzM62
orleans,Orleans,"1 Place du Martroi, 45000 Orléans, Francia","+33 2 38 62 33 00",https://www.tourisme-orleans.com/,https://goo.gl/maps/fz2n3Z7Q7oP2
amboise,Amboise,"Place Michel Debré, 37400 Amboise, Francia","+33 2 47 57 04 36",https://www.ville-amboise.fr/tourisme,https://goo.gl/maps/3QgG3h4NshJ2